Abdel,Dubois,71
Abdel,Dupont,45
Abdel,Fleury,7
Abdel,Leger,26
Abdel,Ricard,42
Abdel,Ricci,68
Adam,Fleury,87
Adam,Gomez,49
Adam,Leger,12
Adam,Leger,36
Adam,Leroy,78
Adam,Morgane,23
Adam,Morgane,95
Adam,Robin,33
Adam,Rodriguez,10
Adam,Rousseau,85
Adam,Roux,25
Adam,Terrieur,3
Adam,Vidal,63
Adel,Besson,35
Adel,Chakri,88
Adel,Chauvin,57
Adel,Kerry,77
Adel,Leger,31
Adel,Maury,49
Adel,Ricci,31
Adel,Roussel,70
Adrien,Boulanger,15
Adrien,Brun,27
Adrien,Carpentier,11
Adrien,Gauss,87
Adrien,Muller,33
Adrien,Petit,47
Adrien,Pilaud,12
Adrien,Tartenpion,92
Alain,Ancona,76
Alain,Ancona,8
Alain,Barre,10
Alain,Boulanger,73
Alain,Dos,83
Alain,Dubois,49
Alain,Fournier,98
Alain,Huet,59
Alain,Kramer,49
Alain,Kramer,83
Alain,Leger,71
Alain,Perrin,77
Alain,Smith,8
Alex,Damiens,67
Alex,Dos,87
Alex,Kramer,64
Alex,Kramer,98
Alex,Mallet,79
Alex,Rousseau,47
Alice,Fernandez,20
Alice,Fernandez,90
Alice,Fournier,84
Alice,Guillon,54
Alice,Harris,77
Alice,Leclerc,76
Alice,Leroux,10
Alice,Leveque,4
Alice,Marechal,51
Alice,Paoli,8
Alice,Perret,79
Alice,Rossi,29
Alice,Vandel,68
Anne,Auber,69
Anne,Besson,13
Anne,Besson,19
Anne,Bousquet,95
Anne,Boyer,67
Anne,Cruz,63
Anne,Moreau,2
Anne,Pichon,48
Anne,Robin,25
Anne,Tartenpion,90
Appoline,Ancona,20
Appoline,Angelie,65
Appoline,Faure,49
Appoline,Fournier,16
Appoline,Goku,88
Appoline,Lavigne,56
Appoline,Petit,8
Appoline,Robin,34
Appoline,Weber,69
Arthur,Benafia,86
Arthur,Dumas,72
Arthur,Dupont,92
Arthur,Duval,21
Arthur,Guillon,90
Arthur,Lecomte,12
Arthur,Lecomte,75
Arthur,Lemaire,100
Arthur,Leroy,45
Arthur,Rousseau,11
Arthur,Verdier,73
Arthur,Verdier,77
Arthur,Vidal,57
Babette,Angelie,57
Babette,Legrand,29
Babette,Leveque,73
Babette,Muller,95
Babette,Perez,84
Babette,Robin,69
Babette,Terrieur,83
Baltazar,Boyer,97
Baltazar,Caron,43
Baltazar,Chevalier,7
Baltazar,Dupuis,12
Baltazar,Fournier,43
Baltazar,Harris,95
Baltazar,Leclerc,38
Baltazar,Leduc,4
Baltazar,Legrand,97
Baltazar,Leroux,19
Baltazar,Macape,35
Baltazar,Marques,16
Baltazar,Mercier,93
Baltazar,Morgane,28
Baltazar,Moulin,96
Baltazar,Perret,56
Baltazar,Ricard,56
Baltazar,Sanchez,32
Basile,Barre,56
Basile,Besson,90
Basile,Blier,73
Basile,Blondel,18
Basile,Caron,26
Basile,Guillon,39
Basile,Moreau,24
Basile,Paoli,50
Basile,Perichon,42
Basile,Rousseau,32
Basile,Vandel,28
Basile,Weber,83
Bastien,Benafia,32
Bastien,Bousquet,35
Bastien,Dubois,49
Bastien,Durand,38
Bastien,Fonsec,46
Bastien,Fournier,91
Bastien,Harris,32
Bastien,Leduc,81
Bastien,Millet,51
Bastien,Paoli,39
Bastien,Vidal,51
Beatrice,Auber,83
Beatrice,Boyer,5
Beatrice,Carpentier,53
Beatrice,Fine,76
Beatrice,Gauss,87
Beatrice,Guillon,73
Beatrice,Hernandez,65
Beatrice,Kerry,21
Beatrice,Legrand,94
Beatrice,Moreau,66
Beatrice,Perret,55
Beatrice,Sanchez,56
Beatrice,Toulmonde,77
Bernard,Besson,61
Bernard,Caron,99
Bernard,Carpentier,8
Bernard,Dubois,34
Bernard,Fine,23
Bernard,Fonsec,17
Bernard,Harris,42
Bernard,Leger,43
Bernard,Pasquier,39
Bernard,Robin,71
Bernard,Verdier,26
Camille,Ancona,29
Camille,Brun,68
Camille,Fleury,92
Camille,Leduc,79
Camille,Leveque,92
Camille,Pichon,94
Camille,Toulmonde,75
Capucine,Aichoun,22
Capucine,Blanc,51
Capucine,Caron,62
Capucine,Citonio,79
Capucine,Goku,71
Capucine,Kerry,87
Capucine,Lejeune,86
Capucine,Leveque,79
Capucine,Sacomano,51
Capucine,Smith,71
Carlos,Angelie,76
Carlos,Benafia,30
Carlos,Boulanger,71
Carlos,Carpentier,97
Carlos,Citonio,60
Carlos,Dumas,93
Carlos,Lavigne,27
Carlos,Leclerc,30
Carlos,Lemaire,12
Carlos,Moulin,81
Carlos,Perichon,85
Carlos,Weber,51
Carole,Bousquet,26
Carole,Bousquet,82
Carole,Chakri,9
Carole,Fonsec,58
Carole,Klein,16
Carole,Martini,89
Cassandre,Besson,78
Cassandre,Duval,30
Cassandre,Fabre,100
Cassandre,Huet,28
Cassandre,Jeanmasson,34
Cassandre,Kerry,61
Cassandre,Legrand,94
Cassandre,Macape,76
Cassandre,Moreau,11
Cassandre,Petit,40
Cassandre,Suffit,3
Charles,Aichoun,32
Charles,Angelie,17
Charles,Blier,14
Charles,Caron,11
Charles,Dumas,79
Charles,Faure,41
Charles,Kamouche,83
Charles,Lavigne,2
Charles,Legrand,45
Charles,Mallet,2
Charles,Perrin,65
Charles,Pichon,48
Charles,Pilaud,13
Charles,Ricard,94
Charles,Sanchez,94
Charles,Tartenpion,92
Charles,Vandel,52
Charles,Verdier,88
Charlotte,Aichoun,36
Charlotte,Caron,14
Charlotte,Delattre,58
Charlotte,Fine,71
Charlotte,Fonsec,58
Charlotte,Guerrin,70
Charlotte,Martini,56
Charlotte,Maury,30
Charlotte,Muller,25
Charlotte,Paoli,9
Charlotte,Rodriguez,25
Charlotte,Roux,59
Chloe,Ait,13
Chloe,Auber,39
Chloe,Chauvin,92
Chloe,Coste,35
Chloe,Duchamp,12
Chloe,Perez,6
Chloe,Petit,14
Chloe,Teusemanie,46
Claire,Benafia,94
Claire,Coste,68
Claire,Fourrier,13
Claire,Roussel,78
Clara,Ancona,83
Clara,Barre,43
Clara,Benafia,15
Clara,Dos,44
Clara,Duval,42
Clara,Lejeune,68
Clara,Leroy,3
Clara,Leroy,7
Clara,Pernot,85
Clara,Sanchez,11
Claude,Caron,51
Claude,Chauvin,25
Claude,Dubois,50
Claude,Dumas,60
Claude,Kerry,26
Claude,Leduc,75
Claude,Moreau,40
Claude,Moreau,84
Claude,Muller,50
Claude,Pasquier,36
Claude,Perichon,69
Claude,Toulmonde,88
Claude,Verdier,68
Coralie,Duval,77
Coralie,Fournier,24
Coralie,Leroux,74
Coralie,Ricci,28
Coralie,Robin,50
Daniel,Ancona,52
Daniel,Benafia,54
Daniel,Blondel,5
Daniel,Citonio,58
Daniel,Coste,17
Daniel,Duchamp,9
Daniel,Dumas,50
Daniel,Dupont,86
Daniel,Dupuis,25
Daniel,Kramer,71
Daniel,Kramer,90
Daniel,Maury,37
Daniel,Perichon,57
Daniel,Perrin,7
Daniel,Rossi,90
Daniel,Sanchez,92
Daniel,Verdier,93
Denis,Chauvin,92
Denis,Faure,8
Denis,Fourrier,38
Denis,Legrand,47
Denis,Leveque,36
Denis,Maury,56
Denis,Rossi,75
Derek,Aichoun,90
Derek,Chauvin,40
Derek,Dos,45
Derek,Dumas,84
Derek,Leveque,45
Derek,Macape,38
Derek,Perrin,89
Derek,Vandel,52
Didier,Blondel,95
Didier,Durand,67
Didier,Suffit,88
Didier,Vidal,78
Elena,Ancona,70
Elena,Caron,90
Elena,Chakri,60
Elena,Dupont,11
Elena,Hernandez,87
Elena,Kramer,45
Elena,Lavigne,61
Elena,Leveque,15
Elena,Moreau,51
Elena,Moulin,5
Eleonore,Benafia,9
Eleonore,Breton,78
Eleonore,Dumas,64
Eleonore,Dumas,89
Eleonore,Fine,13
Eleonore,Gauss,71
Eleonore,Lamy,19
Eleonore,Lamy,88
Eleonore,Ricard,34
Eleonore,Robin,95
Eleonore,Sacomano,10
Eleonore,Terrieur,10
Elga,Ait,29
Elga,Blier,83
Elga,Breton,89
Elga,Dumas,27
Elga,Guerrin,3
Elga,Lavigne,17
Elga,Millet,25
Elga,Ricci,98
Elga,Rossi,19
Elga,Roussel,44
Elga,Vidal,14
Emanuel,Blier,80
Emanuel,Bouvier,8
Emanuel,Cruz,48
Emanuel,Cruz,51
Emanuel,Fournier,87
Emanuelle,Brun,82
Emanuelle,Chakri,94
Emanuelle,Guerrin,48
Emanuelle,Jeanmasson,89
Emanuelle,Macape,3
Emanuelle,Martini,43
Emanuelle,Moreau,58
Emanuelle,Pasquier,37
Emanuelle,Ricard,59
Emanuelle,Ricci,3
Emanuel,Leroy,75
Emanuel,Marechal,70
Emanuel,Moreau,64
Emanuel,Perez,39
Emanuel,Ricard,28
Emanuel,Robin,79
Emanuel,Tartenpion,100
Emanuel,Tartenpion,88
Emanuel,Toulmonde,73
Emeric,Benafia,87
Emeric,Bouvier,42
Emeric,Gomez,70
Emeric,Guerrin,100
Emeric,Lemaire,79
Emeric,Teusemanie,82
Emeric,Vandel,56
Emile,Dupont,67
Emile,Kamouche,46
Emile,Lavigne,86
Emile,Leger,33
Emile,Millet,76
Emile,Ricard,78
Emile,Robin,83
Emilie,Durand,60
Emilie,Jeanmasson,79
Emilie,Leclerc,35
Emilie,Perichon,76
Emilie,Teusemanie,93
Emma,Besson,33
Emma,Boyer,30
Emma,Brun,48
Emma,Dubois,30
Emma,Dupont,51
Emma,Goku,75
Emma,Harris,17
Emma,Kamouche,79
Emma,Leger,54
Emma,Maury,37
Emma,Moreau,82
Emma,Pilaud,68
Emma,Vandel,96
Emmie,Auber,64
Emmie,Besson,29
Emmie,Boyer,49
Emmie,Breton,27
Emmie,Caron,12
Emmie,Kamouche,42
Emmie,Muller,51
Emmie,Pichon,62
Ernest,Ancona,36
Ernest,Auber,66
Ernest,Coste,94
Ernest,Delattre,18
Ernest,Dos,48
Ernest,Masson,30
Ernest,Moreau,32
Ernest,Smith,67
Ernest,Sumi,6
Erwan,Aichoun,18
Erwan,Damiens,91
Erwan,Delattre,93
Erwan,Harris,41
Erwan,Leclerc,4
Erwan,Leroy,54
Erwan,Muller,46
Erwan,Paoli,58
Erwan,Pasquier,87
Erwan,Perret,24
Erwan,Rousseau,17
Erwan,Tartenpion,97
Eudeline,Barre,14
Eudeline,Blanc,15
Eudeline,Caron,85
Eudeline,Coste,87
Eudeline,Fernandez,19
Eudeline,Mercier,32
Eudeline,Moulin,57
Eudeline,Perichon,70
Eugene,Aichoun,98
Eugene,Carpentier,63
Eugene,Damiens,44
Eugene,Dos,17
Eugene,Dupont,9
Eugene,Faure,41
Eugene,Leclerc,63
Eugene,Sumi,86
Eve,Ancona,69
Eve,Ancona,74
Eve,Boyer,67
Eve,Dos,40
Eve,Duval,91
Eve,Guillon,87
Eve,Lemaire,80
Eve,Leroux,60
Eve,Leroux,84
Eve,Masson,5
Eve,Mercier,49
Eve,Paoli,16
Eve,Pichon,76
Fabio,Blondel,12
Fabio,Carpentier,45
Fabio,Dupont,63
Fabio,Gauss,100
Fabio,Kamouche,50
Fabio,Kerry,64
Fabio,Kerry,68
Fabio,Lavigne,7
Fabio,Maury,3
Fabio,Moulin,16
Fabio,Sacomano,28
Fabio,Sanchez,39
Fabio,Suffit,41
Fabio,Vandel,31
Farid,Auber,55
Farid,Benafia,28
Farid,Breton,30
Farid,Kerry,34
Farid,Martini,45
Farid,Sanchez,39
Farid,Sanchez,50
Fati,Blondel,69
Fati,Coste,23
Fati,Delattre,72
Fati,Perez,6
Fati,Ricard,61
Fati,Sacomano,93
Fati,Sanchez,35
Fati,Teusemanie,28
Felicie,Benafia,64
Felicie,Boyer,7
Felicie,Boyer,89
Felicie,Dumas,21
Felicie,Goku,39
Felicie,Goku,88
Felicie,Gomez,97
Felicie,Kerry,51
Felicie,Marechal,89
Felicie,Millet,91
Felicie,Pernot,71
Felicie,Smith,18
Felicie,Vidal,73
Felix,Brun,98
Felix,Coste,79
Felix,Durand,30
Felix,Durand,62
Felix,Fournier,14
Felix,Martini,26
Felix,Moulin,16
Felix,Perret,14
Felix,Petit,94
Felix,Rodriguez,21
Felix,Sacomano,28
Felix,Sanchez,78
Felix,Tartenpion,3
Ferdinand,Ancona,34
Ferdinand,Barre,37
Ferdinand,Bousquet,69
Ferdinand,Faure,84
Ferdinand,Fleury,52
Ferdinand,Fourrier,63
Ferdinand,Marechal,30
Ferdinand,Moulin,85
Ferdinand,Pasquier,37
Fiona,Ait,88
Fiona,Dupont,47
Fiona,Gomez,55
Fiona,Guillon,73
Fiona,Marques,4
Fiona,Maury,76
Fiona,Muller,24
Fiona,Petit,70
Fiona,Pichon,54
Fiona,Roux,93
Firmin,Fleury,24
Firmin,Guillon,2
Firmin,Pasquier,42
Firmin,Rossi,55
Firmin,Smith,32
Firmin,Smith,48
Flavia,Blanc,33
Flavia,Duchamp,4
Flavia,Perret,49
Flavia,Perrin,21
Flavia,Teusemanie,13
Fleur,Angelie,45
Fleur,Barre,38
Fleur,Besson,49
Fleur,Blier,87
Fleur,Bouvier,21
Fleur,Bouvier,71
Fleur,Guillon,53
Fleur,Lecomte,28
Fleur,Paoli,28
Fleur,Ricard,25
Florie,Auber,57
Florie,Bouvier,30
Florie,Cruz,38
Florie,Delattre,78
Florie,Dos,29
Florie,Verdier,10
Florine,Breton,56
Florine,Caron,27
Florine,Faure,80
Florine,Martini,30
Florine,Maury,19
Florine,Moreau,41
Florine,Ricard,22
Francesco,Dubois,60
Francesco,Fonsec,82
Francesco,Fourrier,2
Francesco,Kerry,34
Francesco,Marques,95
Fredric,Besson,57
Fredric,Caron,58
Fredric,Klein,28
Fredric,Leroy,62
Fredric,Perichon,81
Fredric,Rodriguez,93
Fredric,Smith,89
Fredric,Teusemanie,54
Frida,Barre,60
Frida,Caron,62
Frida,Carpentier,55
Frida,Damiens,6
Frida,Dubois,46
Frida,Guerrin,66
Frida,Jeanmasson,41
Frida,Perret,47
Fritz,Ait,28
Fritz,Brun,50
Fritz,Chakri,29
Fritz,Fleury,73
Fritz,Gomez,17
Fritz,Lamy,77
Fritz,Lecomte,79
Fritz,Lemaire,53
Fritz,Leroux,20
Fritz,Macape,100
Fritz,Pernot,77
Fritz,Vandel,10
Gabriel,Cruz,99
Gabriel,Dupont,29
Gabriel,Fleury,13
Gabriel,Goku,6
Gabriel,Hernandez,1
Gabriel,Leduc,15
Gabriel,Leroy,63
Gabriel,Roussel,93
Gaby,Aichoun,92
Gaby,Blier,98
Gaby,Brun,79
Gaby,Brun,98
Gaby,Chevalier,56
Gaby,Delattre,70
Gaby,Goku,21
Gaby,Harris,94
Gaby,Huet,74
Gaby,Klein,47
Gaby,Leveque,76
Gaby,Macape,8
Gaby,Marques,68
Gaby,Ricci,7
Gaby,Ricci,70
Gaby,Toulmonde,26
Gary,Blanc,97
Gary,Boulanger,5
Gary,Dos,6
Gary,Dupont,5
Gary,Lecomte,23
Gary,Lecomte,75
Gary,Millet,2
Gary,Pilaud,26
Gary,Rodriguez,92
Gary,Rousseau,26
Gary,Roux,49
Gary,Sacomano,31
Gary,Sacomano,32
Gauthier,Auber,50
Gauthier,Barre,81
Gauthier,Fernandez,28
Gauthier,Gauss,62
Gedeon,Caron,66
Gedeon,Delattre,84
Gedeon,Gauss,3
Gedeon,Marques,58
Gedeon,Perez,57
Gedeon,Pilaud,74
Georgette,Barre,57
Georgette,Benafia,31
Georgette,Chevalier,85
Georgette,Guerrin,3
Georgette,Maury,28
Georgette,Perez,19
Georgette,Roux,40
Georgette,Sumi,75
Gerard,Ait,27
Gerard,Ait,54
Gerard,Benafia,72
Gerard,Jeanmasson,40
Gerard,Martini,62
Gerard,Roussel,15
Gerard,Roussel,90
Gerard,Sumi,37
Germain,Ancona,92
Germain,Blier,45
Germain,Chauvin,53
Germaine,Aichoun,45
Germaine,Blondel,62
Germaine,Chauvin,22
Germaine,Chauvin,65
Germaine,Dubois,43
Germaine,Durand,96
Germaine,Gomez,96
Germaine,Lamy,37
Germaine,Leclerc,39
Germaine,Lejeune,74
Germaine,Lemaire,55
Germaine,Moulin,92
Germaine,Pichon,61
Germaine,Ricci,5
Germaine,Rousseau,65
Germaine,Sacomano,28
Germaine,Sumi,23
Germaine,Verdier,58
Germain,Fonsec,32
Germain,Fournier,67
Germain,Gauss,57
Germain,Goku,71
Germain,Guillon,71
Germain,Jeanmasson,85
Germain,Moreau,53
Germain,Suffit,10
Germain,Vandel,3
Gertrude,Aichoun,80
Gertrude,Barre,61
Gertrude,Breton,54
Gertrude,Carpentier,38
Gertrude,Fleury,38
Gertrude,Gomez,12
Gertrude,Lemaire,56
Gertrude,Maury,91
Gertrude,Paoli,95
Gertrude,Vidal,61
Gervais,Besson,55
Gervais,Blondel,37
Gervais,Citonio,46
Gervais,Dos,70
Gervaise,Chevalier,87
Gervaise,Gauss,73
Gervaise,Leger,24
Gervaise,Macape,12
Gervais,Fonsec,96
Gervais,Fournier,52
Gervais,Goku,5
Gervais,Pichon,77
Gervais,Tartenpion,83
Gervais,Weber,91
Gilles,Blanc,89
Gilles,Bouvier,39
Gilles,Delattre,43
Gilles,Duval,25
Gilles,Fournier,49
Gilles,Leclerc,74
Gilles,Leroux,1
Gilles,Mallet,41
Gilles,Muller,43
Gilles,Muller,94
Gilles,Pasquier,86
Gilles,Weber,17
Goudroun,Blondel,46
Goudroun,Blondel,91
Goudroun,Dos,76
Goudroun,Goku,17
Goudroun,Leclerc,89
Goudroun,Lejeune,81
Goudroun,Lemaire,8
Goudroun,Martini,96
Goudroun,Pichon,24
Goudroun,Ricci,67
Greg,Brun,72
Greg,Cruz,4
Greg,Macape,4
Greg,Mallet,18
Greg,Terrieur,43
Greg,Verdier,75
Gui,Ait,45
Gui,Carpentier,29
Gui,Chakri,98
Gui,Chauvin,90
Gui,Duval,29
Gui,Huet,44
Gui,Huet,9
Guilain,Ait,63
Guilain,Auber,12
Guilain,Boulanger,27
Guilain,Bousquet,74
Guilain,Chevalier,62
Guilain,Coste,38
Guilain,Duchamp,95
Guilain,Fernandez,57
Guilain,Fonsec,89
Guilain,Hernandez,32
Guilain,Kramer,69
Guilain,Leclerc,25
Guilain,Leclerc,38
Guilain,Leger,5
Guilain,Leger,57
Guilain,Lemaire,30
Guilain,Pasquier,34
Guilain,Perez,20
Gui,Perret,55
Gui,Pichon,28
Gui,Ricci,35
Gui,Roussel,6
Helene,Auber,74
Helene,Chevalier,11
Helene,Jeanmasson,68
Helene,Kerry,86
Helene,Kramer,59
Helene,Perez,10
Helene,Ricci,67
Helene,Rousseau,85
Helene,Sacomano,65
Helene,Teusemanie,82
Helene,Verdier,68
Heloise,Ancona,4
Heloise,Angelie,22
Heloise,Brun,53
Heloise,Dupont,54
Heloise,Hernandez,49
Heloise,Kerry,16
Heloise,Macape,79
Heloise,Masson,88
Heloise,Maury,86
Heloise,Morgane,68
Heloise,Pilaud,21
Heloise,Roux,47
Heloise,Verdier,9
Hugo,Aichoun,19
Hugo,Angelie,77
Hugo,Blondel,2
Hugo,Dupont,15
Hugo,Leduc,82
Hugo,Legrand,16
Hugo,Millet,22
Hugo,Morgane,22
Hugo,Morgane,81
Hugo,Pasquier,48
Hugo,Pasquier,71
Hugo,Petit,57
Hugo,Tartenpion,71
Jacob,Boulanger,12
Jacob,Boyer,71
Jacob,Huet,65
Jacob,Mallet,33
Jacob,Pernot,80
Jacob,Verdier,91
Jade,Boyer,69
Jade,Brun,42
Jade,Caron,52
Jade,Chakri,95
Jade,Chevalier,79
Jade,Cruz,15
Jade,Dos,53
Jade,Dupuis,89
Jade,Fourrier,63
Jade,Guerrin,95
Jade,Jeanmasson,65
Jade,Lemaire,82
Jade,Maury,52
Jade,Pasquier,43
Jade,Rodriguez,83
Jean,Barre,53
Jean,Blier,94
Jean,Bousquet,73
Jean,Fine,61
Jean,Gauss,80
Jean,Harris,15
Jean,Hernandez,78
Jean,Martini,97
Jean,Ricci,86
Jean,Rossi,57
Jeremy,Kamouche,25
Jeremy,Perrin,37
Jeremy,Petit,29
Jeremy,Smith,19
Jessica,Barre,77
Jessica,Faure,61
Jessica,Fourrier,43
Jessica,Huet,70
Jessica,Maury,18
Jessica,Pernot,67
Jessica,Roussel,77
Jessica,Vandel,56
Jessica,Verdier,87
John,Chauvin,98
John,Chevalier,96
John,Damiens,16
John,Dubois,35
John,Klein,53
John,Martini,81
John,Maury,57
John,Moulin,56
John,Perret,26
John,Roux,57
Josette,Carpentier,92
Josette,Chakri,36
Josette,Durand,6
Josette,Goku,34
Josette,Gomez,26
Josette,Hernandez,25
Josette,Perret,32
Josette,Tartenpion,7
Jules,Breton,74
Jules,Fonsec,44
Jules,Gomez,54
Jules,Legrand,99
Jules,Terrieur,54
Kate,Blondel,61
Kate,Blondel,66
Kate,Fine,44
Kate,Fine,90
Kate,Fourrier,26
Kate,Leger,70
Kate,Mercier,15
Kate,Mercier,93
Kate,Petit,3
Kate,Teusemanie,92
Katia,Dos,35
Katia,Dumas,44
Katia,Fourrier,11
Katia,Leroy,76
Katia,Martini,43
Katia,Martini,79
Katia,Pasquier,29
Katia,Verdier,88
Lea,Benafia,50
Lea,Duchamp,44
Lea,Dupont,30
Lea,Duval,44
Lea,Gomez,46
Lea,Hernandez,39
Lea,Kramer,91
Lea,Marechal,25
Lea,Muller,69
Lea,Ricci,2
Lea,Roussel,24
Lea,Smith,46
Lea,Terrieur,11
Leon,Ait,3
Leon,Bousquet,66
Leon,Citonio,31
Leon,Durand,43
Leon,Duval,60
Leon,Fournier,22
Leon,Goku,11
Leon,Guillon,16
Leon,Kamouche,21
Leon,Kramer,41
Leon,Leger,98
Leon,Teusemanie,39
Leon,Verdier,56
Line,Benafia,91
Line,Dos,98
Line,Fine,76
Line,Leclerc,2
Line,Mallet,12
Line,Rousseau,42
Line,Sanchez,24
Louis,Blanc,52
Louis,Caron,24
Louis,Cruz,92
Louise,Chauvin,25
Louise,Chevalier,68
Louise,Dupont,20
Louise,Klein,5
Louise,Lavigne,20
Louise,Lavigne,37
Louise,Perez,67
Louise,Sanchez,88
Louis,Fournier,86
Louis,Lejeune,74
Louis,Leroux,76
Louis,Marques,13
Louis,Martini,92
Louis,Moreau,6
Louis,Sanchez,5
Louis,Sanchez,59
Louis,Toulmonde,2
Lucie,Chakri,84
Lucie,Dos,79
Lucie,Duval,92
Lucie,Fernandez,58
Lucie,Hernandez,8
Lucie,Klein,57
Lucie,Leroy,3
Lucie,Marechal,14
Lucie,Marechal,51
Lucie,Moreau,70
Lucien,Ancona,70
Lucien,Kamouche,91
Lucien,Lavigne,26
Lucien,Lavigne,80
Lucien,Lecomte,70
Lucien,Pernot,30
Lucien,Rousseau,85
Lucien,Smith,52
Lucien,Toulmonde,88
Lucie,Pichon,75
Lucie,Ricard,85
Manon,Caron,13
Manon,Chevalier,59
Manon,Dos,11
Manon,Kramer,14
Manon,Pichon,18
Manon,Pichon,46
Marc,Masson,57
Marc,Moreau,19
Marc,Ricci,68
Marc,Suffit,92
Marie,Coste,93
Marie,Fabre,38
Marie,Harris,94
Marie,Lemaire,29
Marie,Marques,88
Marie,Martini,83
Marie,Masson,31
Marie,Millet,33
Marie,Rossi,26
Marie,Toulmonde,12
Marinette,Macape,55
Marinette,Ricard,85
Marinette,Rossi,88
Marinette,Toulmonde,43
Marise,Angelie,75
Marise,Angelie,93
Marise,Duchamp,43
Marise,Fourrier,70
Marise,Kerry,25
Marise,Leger,88
Marise,Perichon,55
Marise,Perret,32
Marise,Perrin,61
Marise,Rodriguez,74
Marise,Rossi,51
Marise,Sanchez,72
Marise,Smith,42
Martin,Aichoun,61
Martin,Chevalier,88
Martine,Blanc,67
Martine,Blier,65
Martine,Brun,46
Martine,Dupuis,23
Martine,Faure,25
Martine,Gomez,62
Martine,Jeanmasson,83
Martine,Macape,32
Martine,Paoli,36
Martine,Pasquier,44
Martine,Pichon,27
Martine,Robin,49
Martine,Rossi,57
Martine,Roussel,72
Martin,Faure,34
Martin,Perrin,50
Martin,Roussel,50
Martin,Sacomano,1
Martin,Smith,46
Nathalie,Boulanger,51
Nathalie,Fonsec,55
Nathalie,Fourrier,62
Nathalie,Gauss,12
Nathalie,Gauss,9
Nathalie,Goku,71
Nathalie,Hernandez,91
Nathalie,Moreau,26
Nathalie,Tartenpion,12
Nathalie,Terrieur,87
Nathalie,Vandel,85
Nicolas,Ait,71
Nicolas,Besson,88
Nicolas,Blanc,85
Nicolas,Chakri,4
Nicolas,Dos,18
Nicolas,Duchamp,59
Nicolas,Dupuis,17
Nicolas,Klein,41
Nicolas,Legrand,62
Nicolas,Maury,52
Nicolas,Perrin,99
Nicolas,Robin,73
Nicolas,Suffit,50
Nicole,Blanc,66
Nicole,Dos,23
Nicole,Faure,77
Nicole,Klein,52
Nicole,Kramer,11
Nicole,Kramer,66
Nicole,Leclerc,57
Nicole,Lemaire,31
Nicole,Leveque,54
Nicole,Marechal,64
Nicole,Pichon,27
Nicole,Sanchez,18
Oivier,Caron,29
Oivier,Fabre,53
Oivier,Marechal,93
Oivier,Marques,2
Oivier,Moulin,38
Oivier,Robin,84
Oivier,Rodriguez,64
Oivier,Suffit,65
Oivier,Vidal,19
Oscar,Besson,83
Oscar,Boulanger,6
Oscar,Bouvier,94
Oscar,Fine,9
Oscar,Pichon,94
Oscar,Teusemanie,40
Paul,Aichoun,49
Paul,Brun,15
Paul,Coste,73
Paul,Harris,3
Pauline,Ancona,72
Pauline,Auber,96
Pauline,Blier,11
Pauline,Blier,54
Pauline,Brun,43
Pauline,Chauvin,90
Pauline,Coste,58
Pauline,Dubois,38
Pauline,Dumas,26
Pauline,Dumas,89
Pauline,Fernandez,72
Pauline,Huet,78
Pauline,Legrand,84
Pauline,Lejeune,3
Pauline,Moulin,20
Pauline,Moulin,56
Pauline,Pernot,72
Pauline,Suffit,65
Pauline,Toulmonde,38
Paul,Klein,15
Paul,Lejeune,6
Paul,Leroux,44
Paul,Vandel,28
Penelope,Angelie,31
Penelope,Bousquet,30
Penelope,Chakri,80
Penelope,Leroy,20
Penelope,Mercier,46
Penelope,Millet,48
Penelope,Moreau,56
Penelope,Moreau,82
Penelope,Sumi,60
Penelope,Verdier,27
Pierre,Benafia,56
Pierre,Carpentier,12
Pierre,Cruz,16
Pierre,Lamy,60
Pierre,Marques,23
Pierre,Mercier,45
Pierre,Verdier,62
Remi,Blier,86
Remi,Dumas,76
Remi,Durand,55
Remi,Fernandez,25
Remi,Fleury,72
Remi,Guerrin,92
Remi,Harris,35
Remi,Lemaire,76
Remi,Leroux,72
Remi,Paoli,33
Robert,Breton,5
Robert,Chakri,51
Robert,Damiens,54
Robert,Durand,44
Robert,Fournier,38
Robert,Harris,2
Robert,Hernandez,33
Robert,Huet,38
Robert,Jeanmasson,24
Robert,Kamouche,76
Robert,Mallet,70
Robert,Masson,34
Robert,Perret,14
Robert,Robin,26
Robert,Sacomano,6
Sacha,Angelie,29
Sacha,Benafia,49
Sacha,Bousquet,89
Sacha,Fourrier,21
Sacha,Gomez,61
Sacha,Klein,50
Sacha,Suffit,17
Sacha,Vidal,90
Sam,Besson,98
Sam,Goku,28
Sam,Leroux,8
Sam,Mallet,93
Sam,Martini,34
Sam,Millet,11
Sam,Muller,12
Sam,Muller,86
Sam,Ricard,1
Sam,Robin,53
Sam,Suffit,22
Sam,Tartenpion,38
Sam,Teusemanie,84
Simone,Blondel,74
Simone,Fabre,50
Simone,Goku,41
Simone,Kamouche,41
Simone,Kamouche,80
Simone,Marechal,51
Simone,Perez,74
Simone,Pernot,65
Simone,Pichon,39
Simone,Rodriguez,75
Simone,Roussel,45
Simone,Sumi,92
Simone,Teusemanie,28
Sophie,Dumas,16
Sophie,Fabre,66
Sophie,Kamouche,87
Sophie,Martini,90
Sophie,Mercier,74
Sophie,Muller,92
Sylvain,Boulanger,47
Sylvain,Duchamp,53
Sylvain,Fabre,73
Sylvain,Legrand,100
Sylvain,Lejeune,3
Sylvain,Leroux,74
Sylvain,Martini,87
Sylvain,Morgane,69
Sylvain,Rodriguez,65
Sylvain,Roussel,22
Sylvie,Breton,78
Sylvie,Chevalier,78
Sylvie,Dubois,87
Sylvie,Fonsec,94
Sylvie,Fourrier,69
Sylvie,Jeanmasson,79
Sylvie,Leveque,48
Sylvie,Moreau,2
Sylvie,Perez,62
Sylvie,Perez,72
Sylvie,Toulmonde,22
Sylvie,Verdier,63
Tom,Aichoun,25
Tom,Auber,3
Tom,Blier,55
Tom,Blondel,38
Tom,Bousquet,35
Tom,Bousquet,38
Tom,Brun,69
Tom,Fabre,81
Tom,Fourrier,51
Tom,Hernandez,97
Tom,Huet,10
Tom,Mallet,100
Tom,Pichon,40
Tom,Rousseau,21
Tom,Vidal,100
Vincent,Barre,50
Vincent,Blondel,55
Vincent,Chakri,74
Vincent,Cruz,78
Vincent,Moulin,99
